South Korea,Seoul,Javascript Developer,169193
South Korea,Seoul,Javascript Developer,169193
South Korea,Seoul,Javascript Developer,169193
South Korea,Seoul,Javascript Developer,169193
South Korea,Seoul,Javascript Developer,169193
South Korea,Seoul,Javascript Developer,169193
South Korea,Seoul,Javascript Developer,169193
South Korea,Seoul,Javascript Developer,169193
South Korea,Seoul,Javascript Developer,169193
South Korea,Seoul,Javascript Developer,169193
South Korea,Seoul,Javascript Developer,169193
South Korea,Seoul,Javascript Developer,169193
South Korea,Seoul,Javascript Developer,169193
South Korea,Seoul,Javascript Developer,169193
South Korea,Seoul,Javascript Developer,169193
South Korea,Seoul,Javascript Developer,169193
